AuthorPullRequest,2016-05-10T12:25:45-04:00
AuthorPullRequest,2016-05-10T12:40:18-04:00
AuthorPullRequest,2016-06-26T15:46:15-04:00
AuthorPullRequest,2016-06-28T10:51:41-04:00
AuthorPullRequest,2016-07-09T10:39:11-04:00
AuthorPullRequest,2016-08-01T15:01:19-04:00
AuthorIssue,2016-08-10T21:36:36-04:00
EditorIssue,2016-08-10T21:37:23-04:00
AuthorPullRequest,2016-08-11T10:39:34-04:00
AuthorPullRequest,2016-08-14T14:46:58-04:00
AuthorPullRequest,2016-08-15T00:14:58-04:00
AuthorPullRequest,2016-08-19T09:01:47-04:00
AuthorPullRequest,2016-08-22T21:09:50-04:00
AuthorPullRequest,2016-09-08T04:44:50-04:00
AuthorPullRequest,2016-09-08T05:04:19-04:00
AuthorPullRequest,2016-09-15T08:27:10-04:00
AuthorPullRequest,2016-09-22T10:20:50-04:00
AuthorPullRequest,2016-09-24T12:29:53-04:00
AuthorPullRequest,2016-09-26T12:25:04-04:00
AuthorPullRequest,2016-09-27T05:17:45-04:00
EditorPullRequest,2016-09-27T05:43:46-04:00
AuthorPullRequest,2016-10-11T16:33:38-04:00
AuthorPullRequest,2016-10-14T09:26:55-04:00
AuthorPullRequest,2016-10-16T09:24:16-03:00
AuthorPullRequest,2016-10-16T11:31:52-03:00
AuthorPullRequest,2016-10-21T13:35:37-03:00
AuthorPullRequest,2016-10-22T19:03:15-03:00
AuthorPullRequest,2016-10-23T09:30:55-03:00
AuthorIssue,2016-10-25T11:29:58-03:00
EditorIssue,2016-10-25T11:32:18-03:00
AuthorPullRequest,2016-10-27T15:04:21-03:00
Merged,2016-10-28T19:05:13-03:00
AuthorPullRequest,2016-10-30T12:59:44-03:00
AuthorPullRequest,2016-11-01T09:15:46-03:00
EditorPullRequest,2016-11-01T09:22:29-03:00
Merged,2016-11-04T19:21:02-03:00
AuthorPullRequest,2016-11-06T12:24:22-03:00
AuthorPullRequest,2016-11-06T19:33:13-03:00
Merged,2016-11-07T14:21:36-03:00
Merged,2016-11-13T15:48:56-03:00
AuthorPullRequest,2016-11-13T19:09:52-03:00
AuthorPullRequest,2016-11-15T16:17:06-03:00
AuthorPullRequest,2016-11-16T04:02:10-03:00
Merged,2016-11-16T19:53:47-03:00
AuthorPullRequest,2016-11-17T13:50:49-03:00
AuthorPullRequest,2016-11-18T18:56:18-03:00
AuthorPullRequest,2016-11-22T13:25:06-03:00
AuthorIssue,2016-11-26T05:59:51-03:00
AuthorPullRequest,2016-11-27T06:38:56-03:00
AuthorIssue,2016-11-27T09:00:01-03:00
AuthorPullRequest,2016-11-30T06:06:07-03:00
EditorIssue,2016-11-30T06:18:12-03:00
Merged,2016-11-30T17:24:17-03:00
AuthorPullRequest,2016-12-01T19:03:45-03:00
AuthorPullRequest,2016-12-07T13:08:24-03:00
AuthorIssue,2016-12-09T10:34:24-03:00
EditorPullRequest,2016-12-10T10:31:40-03:00
AuthorPullRequest,2016-12-13T08:21:06-03:00
AuthorPullRequest,2016-12-18T10:15:01-03:00
AuthorPullRequest,2016-12-22T22:22:18-03:00
AuthorPullRequest,2017-01-13T11:33:57-03:00
EditorPullRequest,2017-01-13T12:32:29-03:00
Merged,2017-01-23T03:40:21-03:00
AuthorPullRequest,2017-02-10T14:39:16-03:00
AuthorPullRequest,2017-02-10T17:45:05-03:00
Merged,2017-02-13T04:58:31-03:00
AuthorPullRequest,2017-02-17T16:44:07-03:00
AuthorPullRequest,2017-02-18T15:36:30-03:00
AuthorPullRequest,2017-02-19T10:44:55-04:00
Merged,2017-02-19T18:23:58-04:00
Merged,2017-02-20T15:48:01-04:00
Merged,2017-02-20T16:09:01-04:00
Merged,2017-02-20T16:23:24-04:00
Merged,2017-02-20T16:26:50-04:00
EditorPullRequest,2017-02-20T19:54:22-04:00
Merged,2017-02-25T18:20:40-04:00
EditorIssue,2017-02-25T18:21:49-04:00
AuthorPullRequest,2017-03-02T17:22:22-04:00
AuthorPullRequest,2017-03-08T13:32:54-04:00
EditorPullRequest,2017-03-09T12:31:03-04:00
Merged,2017-03-12T13:45:27-04:00
AuthorPullRequest,2017-03-15T02:06:13-04:00
AuthorPullRequest,2017-03-15T14:40:20-04:00
EditorPullRequest,2017-03-16T06:11:51-04:00
AuthorPullRequest,2017-03-16T14:53:04-04:00
EditorPullRequest,2017-03-16T15:24:23-04:00
EditorIssue,2017-03-17T14:43:49-04:00
AuthorPullRequest,2017-03-17T17:15:08-04:00
Merged,2017-03-19T11:59:29-04:00
Taggers,2017-03-19T15:59:28.000Z
AuthorPullRequest,2017-03-21T02:06:31-04:00
AuthorPullRequest,2017-03-22T10:45:49-04:00
Merged,2017-03-25T15:11:14-04:00
EditorPullRequest,2017-03-25T19:50:15-04:00
AuthorPullRequest,2017-03-28T10:43:46-04:00
EditorPullRequest,2017-03-29T15:50:33-04:00
Merged,2017-03-31T21:39:08-04:00
Merged,2017-04-06T15:13:10-04:00
Merged,2017-04-09T14:22:45-04:00
AuthorPullRequest,2017-04-10T14:12:36-04:00
AuthorPullRequest,2017-04-11T08:04:09-04:00
Merged,2017-04-11T15:24:07-04:00
AuthorPullRequest,2017-04-14T13:39:26-04:00
Merged,2017-04-16T16:01:49-04:00
AuthorPullRequest,2017-04-17T08:24:21-04:00
AuthorPullRequest,2017-04-17T08:25:13-04:00
Merged,2017-04-19T21:03:55-04:00
Merged,2017-04-19T21:47:23-04:00
AuthorPullRequest,2017-04-20T11:28:51-04:00
AuthorPullRequest,2017-04-21T00:12:48-04:00
Merged,2017-04-22T11:50:43-04:00
Merged,2017-04-23T17:25:11-04:00
Merged,2017-04-25T01:58:06-04:00
AuthorPullRequest,2017-04-25T14:27:08-04:00
EditorIssue,2017-04-26T03:17:26-04:00
Merged,2017-04-28T11:07:17-04:00
AuthorPullRequest,2017-05-04T11:14:08-04:00
AuthorPullRequest,2017-05-08T05:15:50-04:00
Merged,2017-05-08T17:55:57-04:00
Merged,2017-05-08T17:57:43-04:00
AuthorPullRequest,2017-05-12T07:02:36-04:00
AuthorPullRequest,2017-05-13T16:30:16-04:00
AuthorIssue,2017-05-14T09:51:04-04:00
AuthorIssue,2017-05-14T09:55:36-04:00
EditorIssue,2017-05-16T14:02:41-04:00
AuthorPullRequest,2017-05-23T10:50:29-04:00
AuthorPullRequest,2017-05-23T22:51:42-04:00
Merged,2017-05-24T00:42:31-04:00
AuthorPullRequest,2017-05-24T12:43:48-04:00
Merged,2017-05-25T18:21:53-04:00
Merged,2017-05-29T18:28:26-04:00
Merged,2017-05-29T18:34:10-04:00
AuthorPullRequest,2017-05-30T10:31:46-04:00
AuthorPullRequest,2017-06-02T15:11:39-04:00
EditorIssue,2017-06-05T04:45:27-04:00
AuthorPullRequest,2017-06-10T12:22:16-04:00
EditorPullRequest,2017-06-14T13:43:34-04:00
Merged,2017-06-18T05:42:01-04:00
AuthorPullRequest,2017-06-20T20:26:42-04:00
Merged,2017-06-21T06:23:53-04:00
Merged,2017-06-21T14:22:59-04:00
AuthorPullRequest,2017-06-23T19:53:34-04:00
Merged,2017-06-23T20:09:12-04:00
AuthorPullRequest,2017-07-04T18:46:38-04:00
AuthorPullRequest,2017-07-10T14:06:44-04:00
Merged,2017-07-12T15:01:59-04:00
AuthorPullRequest,2017-07-12T15:54:21-04:00
Merged,2017-07-14T05:13:39-04:00
AuthorPullRequest,2017-07-14T06:16:03-04:00
AuthorPullRequest,2017-07-14T06:31:24-04:00
AuthorPullRequest,2017-07-15T11:39:16-04:00
Merged,2017-07-15T20:13:34-04:00
AuthorPullRequest,2017-07-16T16:17:49-04:00
Merged,2017-07-17T05:07:57-04:00
AuthorPullRequest,2017-07-19T07:09:52-04:00
AuthorPullRequest,2017-07-21T12:45:38-04:00
AuthorPullRequest,2017-07-22T10:44:45-04:00
Merged,2017-07-22T13:23:35-04:00
Merged,2017-07-23T11:55:29-04:00
Merged,2017-07-24T07:50:31-04:00
AuthorPullRequest,2017-07-26T18:23:57-04:00
AuthorPullRequest,2017-07-26T22:38:21-04:00
AuthorPullRequest,2017-07-26T23:51:44-04:00
AuthorPullRequest,2017-07-26T23:55:24-04:00
Merged,2017-07-26T23:59:44-04:00
AuthorPullRequest,2017-07-27T05:28:56-04:00
Merged,2017-07-27T22:57:10-04:00
Merged,2017-07-28T10:21:05-04:00
AuthorPullRequest,2017-08-18T15:23:51-04:00
Merged,2017-08-18T16:12:33-04:00
AuthorPullRequest,2017-08-18T19:41:12-04:00
AuthorPullRequest,2017-08-19T22:10:29-04:00
Merged,2017-08-20T00:45:57-04:00
AuthorPullRequest,2017-08-20T02:37:23-04:00
Merged,2017-08-20T15:30:46-04:00
Merged,2017-08-22T01:34:18-04:00
AuthorPullRequest,2017-08-24T02:53:24-04:00
AuthorPullRequest,2017-08-25T07:45:47-04:00
EditorPullRequest,2017-08-25T07:46:53-04:00
AuthorPullRequest,2017-08-25T12:12:00-04:00
Merged,2017-08-25T15:09:48-04:00
Merged,2017-08-26T10:45:15-04:00
AuthorPullRequest,2017-08-28T09:00:01-04:00
Merged,2017-08-31T03:42:58-04:00
Merged,2017-08-31T04:13:41-04:00
Merged,2017-08-31T13:35:08-04:00
AuthorPullRequest,2017-09-02T08:31:08-04:00
Merged,2017-09-02T09:55:49-04:00
Merged,2017-09-02T10:00:20-04:00
Merged,2017-09-02T10:00:47-04:00
Merged,2017-09-02T10:13:20-04:00
AuthorPullRequest,2017-09-02T10:15:07-04:00
Merged,2017-09-03T09:18:16-04:00
AuthorPullRequest,2017-09-03T09:28:43-04:00
AuthorPullRequest,2017-09-05T02:29:37-04:00
AuthorPullRequest,2017-09-06T08:41:45-04:00
AuthorPullRequest,2017-09-09T07:26:11-04:00
Merged,2017-09-09T13:21:37-04:00
Merged,2017-09-10T16:04:17-04:00
EditorIssue,2017-09-12T07:04:39-04:00
AuthorPullRequest,2017-09-13T10:54:56-04:00
Merged,2017-09-14T15:06:37-04:00
Merged,2017-09-14T15:36:06-04:00
AuthorPullRequest,2017-09-16T09:00:25-04:00
Merged,2017-09-19T11:48:19-04:00
Merged,2017-09-22T02:25:37-04:00
Merged,2017-09-22T13:12:36-04:00
Merged,2017-09-23T17:34:33-04:00
AuthorPullRequest,2017-09-23T18:26:30-04:00
AuthorPullRequest,2017-09-23T19:06:11-04:00
Merged,2017-09-27T08:00:22-04:00
Merged,2017-09-27T08:34:49-04:00
AuthorIssue,2017-09-29T08:38:11-04:00
AuthorPullRequest,2017-09-30T19:55:22-04:00
AuthorPullRequest,2017-09-30T19:56:21-04:00
AuthorPullRequest,2017-10-01T11:29:40-04:00
Merged,2017-10-01T14:47:03-04:00
Merged,2017-10-03T10:02:21-04:00
AuthorPullRequest,2017-10-03T11:02:04-04:00
Merged,2017-10-03T14:48:20-04:00
Merged,2017-10-05T23:36:22-04:00
Merged,2017-10-06T12:43:11-04:00
AuthorPullRequest,2017-10-07T13:44:40-04:00
Merged,2017-10-11T16:47:45-04:00
EditorIssue,2017-10-12T07:07:23-04:00
Merged,2017-10-13T01:04:05-04:00
Merged,2017-10-14T23:06:35-04:00
AuthorPullRequest,2017-10-15T01:26:48-03:00
EditorPullRequest,2017-10-15T01:58:57-03:00
AuthorPullRequest,2017-10-15T09:01:02-03:00
Merged,2017-10-16T02:43:10-03:00
Merged,2017-10-17T10:27:23-03:00
Merged,2017-10-20T09:16:15-03:00
Merged,2017-10-21T03:56:41-03:00
AuthorPullRequest,2017-10-21T07:30:19-03:00
Merged,2017-10-21T10:31:09-03:00
Merged,2017-10-21T12:42:26-03:00
Merged,2017-10-22T07:43:38-03:00
Merged,2017-10-22T08:05:49-03:00
AuthorPullRequest,2017-10-22T14:10:56-03:00
Merged,2017-10-23T18:09:00-03:00
Merged,2017-10-24T15:00:10-03:00
AuthorPullRequest,2017-10-24T15:06:10-03:00
EditorPullRequest,2017-10-24T15:06:57-03:00
Merged,2017-10-25T15:54:58-03:00
Merged,2017-11-01T17:48:08-03:00
Merged,2017-11-02T09:36:32-03:00
AuthorPullRequest,2017-11-04T09:25:53-03:00
AuthorPullRequest,2017-11-04T13:36:30-03:00
EditorPullRequest,2017-11-04T18:24:57-03:00
Merged,2017-11-05T10:57:21-03:00
Merged,2017-11-05T10:57:21-03:00
AuthorPullRequest,2017-11-08T08:39:36-03:00
EditorIssue,2017-11-10T20:31:22-03:00
AuthorPullRequest,2017-11-11T12:12:04-03:00
EditorIssue,2017-11-14T16:30:48-03:00
AuthorPullRequest,2017-11-14T19:08:20-03:00
EditorIssue,2017-11-17T19:21:35-03:00
Merged,2017-11-21T19:49:44-03:00
Merged,2017-11-25T04:31:05-03:00
AuthorPullRequest,2017-12-01T14:06:00-03:00
AuthorPullRequest,2017-12-03T08:36:57-03:00
AuthorPullRequest,2017-12-04T15:23:55-03:00
EditorIssue,2017-12-10T11:03:12-03:00
AuthorPullRequest,2017-12-10T13:39:01-03:00
Merged,2017-12-10T14:22:21-03:00
Merged,2017-12-10T14:40:05-03:00
EditorIssue,2017-12-10T15:22:01-03:00
EditorPullRequest,2017-12-11T15:18:52-03:00
Merged,2017-12-11T16:19:15-03:00
Merged,2017-12-11T16:22:01-03:00
Merged,2017-12-11T16:42:28-03:00
AuthorPullRequest,2017-12-14T16:27:12-03:00
Merged,2017-12-15T10:51:47-03:00
AuthorPullRequest,2017-12-16T07:14:42-03:00
EditorPullRequest,2017-12-16T09:01:30-03:00
Merged,2017-12-16T18:39:50-03:00
AuthorPullRequest,2017-12-17T08:23:33-03:00
AuthorIssue,2017-12-17T11:33:17-03:00
Merged,2017-12-17T15:13:54-03:00
Merged,2017-12-17T15:14:20-03:00
AuthorPullRequest,2017-12-17T15:17:26-03:00
Releases,2017-12-19T11:51:15-03:00
Merged,2017-12-20T08:06:03-03:00
AuthorPullRequest,2017-12-23T13:39:18-03:00
Merged,2017-12-29T17:27:14-03:00
AuthorPullRequest,2017-12-30T13:01:58-03:00
Merged,2018-01-02T09:07:08-03:00
EditorPullRequest,2018-01-04T15:42:26-03:00
Merged,2018-01-04T15:45:50-03:00
Merged,2018-01-06T08:41:05-03:00
AuthorPullRequest,2018-01-07T11:33:54-03:00
AuthorPullRequest,2018-01-07T19:36:36-03:00
Merged,2018-01-09T12:06:18-03:00
Merged,2018-01-09T14:45:07-03:00
Merged,2018-01-09T15:03:19-03:00
AuthorPullRequest,2018-01-09T15:06:43-03:00
Merged,2018-01-09T15:12:06-03:00
EditorIssue,2018-01-15T23:24:31-03:00
Merged,2018-01-17T05:44:18-03:00
AuthorIssue,2018-01-17T13:00:50-03:00
AuthorPullRequest,2018-01-19T15:23:44-03:00
EditorPullRequest,2018-01-21T10:32:29-03:00
AuthorPullRequest,2018-01-25T16:45:52-03:00
EditorPullRequest,2018-01-25T16:46:12-03:00
AuthorPullRequest,2018-01-25T17:00:12-03:00
Merged,2018-01-27T07:41:41-03:00
EditorPullRequest,2018-01-27T10:20:51-03:00
AuthorPullRequest,2018-01-27T11:44:49-03:00
EditorPullRequest,2018-01-27T11:44:56-03:00
Merged,2018-01-27T18:32:47-03:00
AuthorPullRequest,2018-01-30T03:22:37-03:00
Merged,2018-02-02T04:39:43-03:00
Merged,2018-02-02T13:25:39-03:00
AuthorPullRequest,2018-02-03T09:22:07-03:00
AuthorPullRequest,2018-02-05T09:24:03-03:00
EditorIssue,2018-02-07T14:49:00-03:00
Merged,2018-02-09T07:10:18-03:00
AuthorPullRequest,2018-02-09T09:42:30-03:00
Merged,2018-02-10T07:24:24-03:00
AuthorPullRequest,2018-02-10T16:31:32-03:00
AuthorPullRequest,2018-02-12T06:38:05-03:00
Merged,2018-02-12T10:35:29-03:00
Merged,2018-02-14T15:31:22-03:00
EditorPullRequest,2018-02-15T13:50:05-03:00
AuthorPullRequest,2018-02-23T11:57:06-04:00
AuthorPullRequest,2018-02-24T12:56:14-04:00
Merged,2018-02-25T08:14:46-04:00
Merged,2018-02-25T13:22:39-04:00
AuthorPullRequest,2018-02-26T08:09:55-04:00
AuthorPullRequest,2018-02-26T20:24:51-04:00
Merged,2018-02-27T06:07:21-04:00
AuthorPullRequest,2018-02-28T11:32:21-04:00
Merged,2018-03-01T07:10:00-04:00
Merged,2018-03-03T07:39:16-04:00
Merged,2018-03-04T16:14:25-04:00
Merged,2018-03-05T09:43:03-04:00
Merged,2018-03-07T16:48:39-04:00
Merged,2018-03-08T14:34:22-04:00
Merged,2018-03-11T10:49:35-04:00
AuthorPullRequest,2018-03-13T12:31:46-04:00
AuthorPullRequest,2018-03-13T12:33:30-04:00
EditorPullRequest,2018-03-14T08:41:16-04:00
AuthorPullRequest,2018-03-15T09:33:37-04:00
Merged,2018-03-16T07:59:51-04:00
Merged,2018-03-16T08:12:24-04:00
Merged,2018-03-17T10:01:36-04:00
EditorPullRequest,2018-03-19T11:27:34-04:00
AuthorPullRequest,2018-03-21T12:23:50-04:00
Merged,2018-03-25T12:00:44-04:00
AuthorPullRequest,2018-03-25T12:07:04-04:00
AuthorPullRequest,2018-03-26T21:58:46-04:00
EditorIssue,2018-03-27T03:55:59-04:00
Merged,2018-03-28T15:17:24-04:00
EditorIssue,2018-03-30T01:12:08-04:00
AuthorPullRequest,2018-04-08T14:57:03-04:00
Merged,2018-04-09T05:48:17-04:00
AuthorPullRequest,2018-04-09T05:50:03-04:00
AuthorPullRequest,2018-04-10T11:15:41-04:00
AuthorIssue,2018-04-20T03:51:46-04:00
AuthorIssue,2018-04-20T03:53:10-04:00
AuthorIssue,2018-04-20T03:55:10-04:00
AuthorPullRequest,2018-04-20T09:21:11-04:00
Merged,2018-04-21T04:12:20-04:00
Merged,2018-04-21T04:34:16-04:00
AuthorIssue,2018-04-21T14:49:06-04:00
AuthorIssue,2018-04-21T14:50:28-04:00
AuthorPullRequest,2018-04-22T05:22:50-04:00
AuthorPullRequest,2018-04-22T06:51:02-04:00
Merged,2018-04-24T09:22:27-04:00
AuthorPullRequest,2018-04-27T07:07:56-04:00
EditorPullRequest,2018-04-29T14:20:53-04:00
Merged,2018-04-30T04:55:41-04:00
AuthorPullRequest,2018-05-05T06:36:59-04:00
AuthorPullRequest,2018-05-05T07:44:34-04:00
EditorPullRequest,2018-05-05T09:21:03-04:00
EditorIssue,2018-05-05T13:38:26-04:00
Merged,2018-05-12T06:32:04-04:00
Merged,2018-05-12T13:02:21-04:00
Merged,2018-05-12T13:13:00-04:00
AuthorPullRequest,2018-05-16T04:48:53-04:00
Merged,2018-05-16T06:32:01-04:00
Merged,2018-05-18T04:38:17-04:00
AuthorPullRequest,2018-05-18T06:02:49-04:00
EditorPullRequest,2018-05-21T10:51:52-04:00
AuthorIssue,2018-05-25T07:22:05-04:00
AuthorPullRequest,2018-05-27T13:41:56-04:00
Merged,2018-05-29T14:27:00-04:00
Merged,2018-06-02T12:01:31-04:00
Merged,2018-06-02T17:08:32-04:00
Merged,2018-06-03T14:08:12-04:00
Merged,2018-06-04T10:13:39-04:00
Merged,2018-06-08T09:56:49-04:00
Merged,2018-06-08T09:58:37-04:00
AuthorPullRequest,2018-07-05T14:54:44-04:00
EditorPullRequest,2018-07-05T14:54:56-04:00
EditorIssue,2018-07-07T08:58:05-04:00
AuthorPullRequest,2018-07-07T13:04:11-04:00
EditorIssue,2018-07-08T07:59:03-04:00
Merged,2018-07-08T08:06:17-04:00
Merged,2018-07-08T08:06:51-04:00
Merged,2018-07-08T08:07:22-04:00
Merged,2018-07-11T08:53:00-04:00
AuthorPullRequest,2018-07-11T09:28:50-04:00
EditorPullRequest,2018-07-11T09:31:21-04:00
AuthorPullRequest,2018-07-12T06:29:22-04:00
AuthorPullRequest,2018-07-13T18:00:16-04:00
Merged,2018-07-14T04:44:42-04:00
Merged,2018-07-14T11:20:09-04:00
EditorIssue,2018-07-17T01:19:17-04:00
AuthorPullRequest,2018-07-17T04:26:47-04:00
Merged,2018-07-17T04:30:15-04:00
Merged,2018-07-17T05:05:50-04:00
Merged,2018-07-17T05:06:16-04:00
AuthorPullRequest,2018-07-17T10:56:24-04:00
EditorPullRequest,2018-07-17T13:27:23-04:00
Merged,2018-07-17T13:27:37-04:00
AuthorPullRequest,2018-07-17T13:33:09-04:00
Merged,2018-07-18T09:13:49-04:00
AuthorPullRequest,2018-07-21T04:47:35-04:00
Merged,2018-07-23T08:15:46-04:00
AuthorPullRequest,2018-07-25T17:57:41-04:00
EditorIssue,2018-07-31T07:29:49-04:00
AuthorPullRequest,2018-08-02T01:36:19-04:00
EditorPullRequest,2018-08-02T01:37:15-04:00
Merged,2018-08-02T06:00:03-04:00
AuthorPullRequest,2018-08-02T17:28:29-04:00
Merged,2018-08-03T04:24:23-04:00
EditorPullRequest,2018-08-03T12:33:07-04:00
Merged,2018-08-05T05:00:34-04:00
Merged,2018-08-05T16:01:47-04:00
Merged,2018-08-07T12:52:46-04:00
AuthorPullRequest,2018-08-08T14:10:46-04:00
Merged,2018-08-13T02:06:57-04:00
Merged,2018-08-13T02:08:11-04:00
Merged,2018-08-14T06:50:39-04:00
Merged,2018-08-19T10:20:04-04:00
Merged,2018-08-23T04:46:14-04:00
AuthorPullRequest,2018-08-23T05:23:03-04:00
Merged,2018-08-25T08:37:40-04:00
Merged,2018-08-25T18:50:07-04:00
Merged,2018-08-26T08:03:51-04:00
Merged,2018-08-27T09:07:49-04:00
Merged,2018-08-27T09:08:18-04:00
AuthorPullRequest,2018-08-27T16:02:01-04:00
AuthorPullRequest,2018-08-28T09:45:12-04:00
AuthorPullRequest,2018-08-29T08:52:38-04:00
Merged,2018-08-30T07:57:02-04:00
Merged,2018-08-30T12:38:12-04:00
Merged,2018-08-31T20:56:02-04:00
AuthorPullRequest,2018-09-01T18:04:01-04:00
Merged,2018-09-01T18:08:20-04:00
Merged,2018-09-02T09:03:57-04:00
EditorIssue,2018-09-02T15:07:43-04:00
AuthorPullRequest,2018-09-02T16:11:05-04:00
Merged,2018-09-02T18:01:47-04:00
AuthorPullRequest,2018-09-03T06:29:43-04:00
AuthorPullRequest,2018-09-03T06:45:34-04:00
AuthorPullRequest,2018-09-03T07:22:03-04:00
Merged,2018-09-03T15:41:55-04:00
Merged,2018-09-03T15:44:59-04:00
Merged,2018-09-04T01:04:03-04:00
AuthorPullRequest,2018-09-04T01:53:02-04:00
AuthorPullRequest,2018-09-04T02:27:28-04:00
Merged,2018-09-04T13:05:54-04:00
Merged,2018-09-05T13:32:12-04:00
AuthorPullRequest,2018-09-06T09:16:51-04:00
Merged,2018-09-06T12:51:53-04:00
EditorIssue,2018-09-07T12:43:46-04:00
AuthorPullRequest,2018-09-07T13:16:25-04:00
Merged,2018-09-09T09:35:59-04:00
AuthorPullRequest,2018-09-09T09:37:46-04:00
EditorPullRequest,2018-09-09T12:05:11-04:00
Merged,2018-09-09T12:35:37-04:00
AuthorPullRequest,2018-09-10T10:25:34-04:00
AuthorPullRequest,2018-09-10T21:03:50-04:00
Merged,2018-09-12T07:47:03-04:00
EditorIssue,2018-09-12T08:08:32-04:00
AuthorPullRequest,2018-09-13T13:41:55-04:00
EditorIssue,2018-09-15T17:36:02-04:00
Merged,2018-09-16T09:19:50-04:00
AuthorPullRequest,2018-09-16T15:01:09-04:00
Merged,2018-09-16T15:05:07-04:00
EditorPullRequest,2018-09-17T01:01:29-04:00
EditorPullRequest,2018-09-17T01:01:50-04:00
EditorIssue,2018-09-17T02:45:10-04:00
Merged,2018-09-19T08:15:21-04:00
Merged,2018-09-19T08:24:59-04:00
AuthorPullRequest,2018-09-19T10:38:27-04:00
Merged,2018-09-20T08:45:51-04:00
EditorPullRequest,2018-09-20T10:39:48-04:00
Merged,2018-09-20T23:42:13-04:00
AuthorIssue,2018-09-23T11:42:18-04:00
EditorPullRequest,2018-09-23T13:27:49-04:00
EditorIssue,2018-09-24T01:18:25-04:00
Merged,2018-09-27T23:51:43-04:00
AuthorPullRequest,2018-09-28T00:16:26-04:00
Merged,2018-09-30T11:02:35-04:00
Merged,2018-09-30T22:42:35-04:00
Merged,2018-10-02T00:29:25-04:00
AuthorIssue,2018-10-02T12:10:54-04:00
Merged,2018-10-03T01:23:45-04:00
AuthorPullRequest,2018-10-03T13:56:04-04:00
AuthorPullRequest,2018-10-04T10:59:28-04:00
AuthorPullRequest,2018-10-05T04:12:09-04:00
Merged,2018-10-05T04:18:46-04:00
AuthorPullRequest,2018-10-06T20:55:36-04:00
Merged,2018-10-06T21:10:55-04:00
AuthorPullRequest,2018-10-07T09:52:16-04:00
Merged,2018-10-07T23:13:28-04:00
Merged,2018-10-13T02:23:39-04:00
EditorPullRequest,2018-10-13T02:29:00-04:00
Merged,2018-10-14T02:52:28-04:00
EditorIssue,2018-10-14T13:09:25-04:00
Merged,2018-10-24T04:28:34-04:00
Merged,2018-10-24T04:29:53-04:00
Starred,2018-10-28T08:04:06-04:00
EditorIssue,2018-11-11T07:38:40-03:00
Merged,2018-11-12T14:32:43-03:00
Merged,2018-11-17T07:26:55-03:00
AuthorPullRequest,2018-11-18T07:57:10-03:00
Merged,2018-11-18T07:57:44-03:00
Merged,2018-11-18T09:45:56-03:00
AuthorPullRequest,2018-11-18T16:49:23-03:00
Merged,2018-11-20T05:33:14-03:00
EditorPullRequest,2018-11-21T07:31:25-03:00
Merged,2018-11-21T07:31:38-03:00
Merged,2018-11-21T07:35:47-03:00
AuthorPullRequest,2018-11-30T10:39:00-03:00
EditorPullRequest,2018-11-30T18:04:11-03:00
AuthorPullRequest,2018-12-04T06:03:09-03:00
AuthorPullRequest,2018-12-06T18:54:15-03:00
AuthorPullRequest,2018-12-07T15:33:09-03:00
AuthorPullRequest,2018-12-08T07:59:30-03:00
AuthorPullRequest,2018-12-08T18:30:32-03:00
EditorPullRequest,2018-12-08T18:32:24-03:00
Merged,2018-12-08T18:33:34-03:00
EditorPullRequest,2018-12-08T19:59:34-03:00
Merged,2018-12-10T12:19:43-03:00
Merged,2018-12-12T08:32:47-03:00
Merged,2018-12-12T10:48:02-03:00
Merged,2018-12-13T07:01:16-03:00
EditorPullRequest,2018-12-17T07:46:24-03:00
AuthorPullRequest,2018-12-17T13:23:55-03:00
Merged,2018-12-18T04:45:49-03:00
AuthorPullRequest,2018-12-19T14:40:18-03:00
Merged,2018-12-22T08:01:05-03:00
AuthorPullRequest,2018-12-23T11:24:56-03:00
EditorPullRequest,2018-12-23T16:44:46-03:00
EditorPullRequest,2018-12-23T18:35:34-03:00
AuthorPullRequest,2018-12-24T13:43:03-03:00
AuthorPullRequest,2018-12-24T13:52:41-03:00
Merged,2018-12-25T11:00:41-03:00
Merged,2018-12-25T11:01:32-03:00
AuthorPullRequest,2018-12-26T09:27:16-03:00
EditorPullRequest,2018-12-26T09:27:41-03:00
AuthorPullRequest,2018-12-27T09:53:17-03:00
EditorPullRequest,2018-12-27T09:53:27-03:00
AuthorPullRequest,2018-12-28T11:29:28-03:00
AuthorPullRequest,2018-12-28T12:55:30-03:00
Merged,2018-12-29T09:30:50-03:00
Merged,2018-12-30T11:39:26-03:00
AuthorPullRequest,2018-12-30T14:43:30-03:00
AuthorPullRequest,2019-01-01T12:32:24-03:00
EditorPullRequest,2019-01-01T14:13:00-03:00
AuthorPullRequest,2019-01-02T10:04:32-03:00
EditorPullRequest,2019-01-02T11:23:38-03:00
Merged,2019-01-02T15:49:43-03:00
Merged,2019-01-02T16:13:37-03:00
AuthorPullRequest,2019-01-03T11:37:04-03:00
AuthorPullRequest,2019-01-03T11:41:43-03:00
AuthorPullRequest,2019-01-03T12:20:11-03:00
EditorPullRequest,2019-01-03T12:20:33-03:00
Merged,2019-01-03T14:37:34-03:00
AuthorPullRequest,2019-01-05T12:45:02-03:00
EditorPullRequest,2019-01-05T12:45:11-03:00
Merged,2019-01-07T14:23:01-03:00
Merged,2019-01-12T04:08:39-03:00
Merged,2019-01-13T23:14:55-03:00
Merged,2019-01-15T02:54:50-03:00
AuthorPullRequest,2019-01-15T05:32:31-03:00
EditorPullRequest,2019-01-16T14:39:41-03:00
Merged,2019-01-16T14:56:22-03:00
AuthorPullRequest,2019-01-19T05:07:09-03:00
Merged,2019-01-19T08:27:16-03:00
AuthorPullRequest,2019-01-19T08:55:30-03:00
AuthorPullRequest,2019-01-19T09:52:17-03:00
Merged,2019-01-20T11:06:56-03:00
AuthorPullRequest,2019-01-20T14:56:40-03:00
AuthorPullRequest,2019-01-21T03:42:58-03:00
Merged,2019-01-21T13:47:17-03:00
AuthorPullRequest,2019-01-21T14:08:55-03:00
EditorPullRequest,2019-01-21T14:09:03-03:00
EditorPullRequest,2019-01-22T05:01:19-03:00
Merged,2019-01-22T07:57:34-03:00
Merged,2019-01-22T08:15:12-03:00
AuthorPullRequest,2019-01-23T04:25:13-03:00
EditorPullRequest,2019-01-25T04:59:40-03:00
Merged,2019-01-25T09:24:38-03:00
AuthorPullRequest,2019-01-25T10:24:54-03:00
EditorPullRequest,2019-01-25T10:25:02-03:00
Merged,2019-01-25T12:51:17-03:00
AuthorPullRequest,2019-01-25T18:52:19-03:00
AuthorPullRequest,2019-01-26T14:39:08-03:00
Merged,2019-01-27T07:04:10-03:00
AuthorPullRequest,2019-01-27T07:34:41-03:00
AuthorPullRequest,2019-01-27T11:22:48-03:00
EditorPullRequest,2019-01-27T11:23:01-03:00
AuthorPullRequest,2019-01-27T13:16:45-03:00
EditorPullRequest,2019-01-27T15:50:28-03:00
Merged,2019-01-28T17:48:52-03:00
Merged,2019-01-29T08:44:36-03:00
AuthorPullRequest,2019-01-29T09:36:14-03:00
AuthorPullRequest,2019-01-29T14:50:59-03:00
AuthorIssue,2019-01-30T14:53:35-03:00
Merged,2019-01-31T05:01:44-03:00
AuthorPullRequest,2019-01-31T14:48:58-03:00
Merged,2019-02-01T08:16:53-03:00
Merged,2019-02-01T08:26:29-03:00
Merged,2019-02-01T08:32:02-03:00
Merged,2019-02-01T08:32:24-03:00
AuthorPullRequest,2019-02-01T12:23:49-03:00
Merged,2019-02-01T20:19:02-03:00
Merged,2019-02-02T13:11:56-03:00
Merged,2019-02-02T13:19:02-03:00
AuthorPullRequest,2019-02-02T14:35:31-03:00
Merged,2019-02-03T20:08:43-03:00
AuthorPullRequest,2019-02-04T07:56:00-03:00
AuthorPullRequest,2019-02-04T08:00:10-03:00
AuthorPullRequest,2019-02-04T08:16:26-03:00
AuthorPullRequest,2019-02-04T16:53:49-03:00
EditorPullRequest,2019-02-04T16:54:08-03:00
Merged,2019-02-05T12:07:39-03:00
AuthorPullRequest,2019-02-06T12:24:25-03:00
AuthorPullRequest,2019-02-06T14:10:00-03:00
AuthorPullRequest,2019-02-07T07:45:18-03:00
EditorIssue,2019-02-07T12:20:40-03:00
AuthorPullRequest,2019-02-07T20:20:57-03:00
AuthorPullRequest,2019-02-08T11:25:06-03:00
Merged,2019-02-09T07:29:21-03:00
AuthorPullRequest,2019-02-09T08:02:36-03:00
Merged,2019-02-09T08:12:06-03:00
EditorIssue,2019-02-09T12:47:16-03:00
AuthorPullRequest,2019-02-09T20:06:14-03:00
Merged,2019-02-10T09:40:32-03:00
AuthorPullRequest,2019-02-10T19:12:23-03:00
Merged,2019-02-11T13:08:57-03:00
Merged,2019-02-11T14:52:15-03:00
Merged,2019-02-11T14:53:19-03:00
Merged,2019-02-12T09:48:55-03:00
Merged,2019-02-12T11:36:49-03:00
Merged,2019-02-12T13:17:20-03:00
AuthorPullRequest,2019-02-12T13:27:54-03:00
AuthorPullRequest,2019-02-12T19:37:30-03:00
AuthorPullRequest,2019-02-12T21:34:45-03:00
Merged,2019-02-13T18:38:28-03:00
Merged,2019-02-14T08:01:40-03:00
EditorPullRequest,2019-02-15T03:34:41-03:00
AuthorPullRequest,2019-02-15T07:56:26-03:00
Merged,2019-02-15T13:54:36-03:00
AuthorPullRequest,2019-02-18T09:40:48-04:00
AuthorPullRequest,2019-02-18T10:12:57-04:00
Merged,2019-02-19T10:11:14-04:00
AuthorPullRequest,2019-02-20T19:16:41-04:00
EditorPullRequest,2019-02-20T19:16:46-04:00
Merged,2019-02-20T19:17:54-04:00
AuthorPullRequest,2019-02-22T09:07:59-04:00
Merged,2019-02-22T13:22:56-04:00
AuthorPullRequest,2019-02-22T13:46:10-04:00
AuthorPullRequest,2019-02-22T18:05:10-04:00
AuthorPullRequest,2019-02-24T10:43:13-04:00
Merged,2019-02-24T11:35:59-04:00
AuthorPullRequest,2019-02-24T16:26:50-04:00
EditorPullRequest,2019-02-26T09:42:02-04:00
Merged,2019-02-26T20:57:28-04:00
Merged,2019-02-27T13:42:49-04:00
EditorIssue,2019-02-27T17:12:16-04:00
Merged,2019-02-28T09:45:57-04:00
AuthorPullRequest,2019-03-01T00:07:52-04:00
Merged,2019-03-01T20:46:05-04:00
Merged,2019-03-02T12:05:38-04:00
AuthorPullRequest,2019-03-02T18:08:43-04:00
EditorPullRequest,2019-03-02T18:09:03-04:00
AuthorPullRequest,2019-03-03T21:34:54-04:00
Merged,2019-03-03T21:46:05-04:00
AuthorPullRequest,2019-03-04T15:15:59-04:00
Merged,2019-03-05T02:01:25-04:00
AuthorPullRequest,2019-03-08T02:45:01-04:00
EditorPullRequest,2019-03-08T02:45:06-04:00
AuthorPullRequest,2019-03-08T03:02:02-04:00
AuthorPullRequest,2019-03-09T14:20:42-04:00
AuthorPullRequest,2019-03-09T14:36:47-04:00
Merged,2019-03-09T14:40:25-04:00
AuthorPullRequest,2019-03-10T03:59:39-04:00
AuthorPullRequest,2019-03-11T15:36:20-04:00
Merged,2019-03-12T02:24:12-04:00
EditorIssue,2019-03-12T07:03:33-04:00
AuthorPullRequest,2019-03-12T07:21:34-04:00
Merged,2019-03-13T00:59:07-04:00
Merged,2019-03-13T02:31:40-04:00
Merged,2019-03-14T01:57:38-04:00
Merged,2019-03-14T10:11:27-04:00
Merged,2019-03-15T02:07:37-04:00
AuthorPullRequest,2019-03-18T09:52:36-04:00
Merged,2019-03-18T14:02:12-04:00
Merged,2019-03-20T06:01:42-04:00
AuthorPullRequest,2019-03-21T13:40:10-04:00
Merged,2019-03-31T07:05:32-04:00
EditorPullRequest,2019-04-04T17:23:07-04:00
EditorIssue,2019-04-05T06:30:57-04:00
Merged,2019-04-06T07:27:17-04:00
Merged,2019-04-07T08:30:08-04:00
AuthorPullRequest,2019-04-07T08:33:15-04:00
AuthorPullRequest,2019-04-07T09:48:03-04:00
Merged,2019-04-09T07:00:31-04:00
AuthorPullRequest,2019-04-09T07:30:55-04:00
AuthorPullRequest,2019-04-09T12:17:12-04:00
Merged,2019-04-11T02:24:16-04:00
Merged,2019-04-11T04:40:09-04:00
Merged,2019-04-11T07:55:28-04:00
AuthorPullRequest,2019-04-14T08:30:48-04:00
EditorPullRequest,2019-04-14T20:23:01-04:00
AuthorPullRequest,2019-04-15T03:56:05-04:00
Merged,2019-04-15T04:15:05-04:00
Merged,2019-04-15T12:10:42-04:00
Merged,2019-04-15T12:14:14-04:00
AuthorPullRequest,2019-04-16T09:40:27-04:00
Merged,2019-04-18T02:22:22-04:00
Merged,2019-04-21T05:51:30-04:00
Merged,2019-04-21T14:49:57-04:00
AuthorPullRequest,2019-04-23T07:23:50-04:00
AuthorPullRequest,2019-04-24T15:37:15-04:00
AuthorPullRequest,2019-04-27T16:14:35-04:00
Merged,2019-04-30T06:33:24-04:00
Merged,2019-04-30T06:37:37-04:00
AuthorPullRequest,2019-04-30T14:13:40-04:00
AuthorPullRequest,2019-05-01T07:49:08-04:00
AuthorPullRequest,2019-05-06T02:36:21-04:00
AuthorPullRequest,2019-05-06T11:59:23-04:00
EditorPullRequest,2019-05-07T11:37:49-04:00
Merged,2019-05-08T02:49:00-04:00
Merged,2019-05-09T10:10:57-04:00
AuthorPullRequest,2019-05-10T07:20:17-04:00
Merged,2019-05-10T10:15:26-04:00
Merged,2019-05-10T10:17:09-04:00
AuthorPullRequest,2019-05-10T10:29:03-04:00
AuthorPullRequest,2019-05-10T10:48:48-04:00
Merged,2019-05-12T08:24:35-04:00
Merged,2019-05-16T03:18:38-04:00
Merged,2019-05-19T05:47:07-04:00
AuthorPullRequest,2019-05-19T06:28:47-04:00
Merged,2019-05-23T15:23:27-04:00
AuthorPullRequest,2019-05-29T15:39:54-04:00
Merged,2019-05-30T06:27:23-04:00
AuthorPullRequest,2019-05-31T08:33:23-04:00
AuthorPullRequest,2019-06-01T08:51:35-04:00
Merged,2019-06-01T10:39:05-04:00
Merged,2019-06-04T09:20:03-04:00
AuthorPullRequest,2019-06-04T10:06:31-04:00
AuthorPullRequest,2019-06-04T15:31:16-04:00
Merged,2019-06-05T04:29:46-04:00
Merged,2019-06-05T04:32:38-04:00
Merged,2019-06-07T03:32:03-04:00
AuthorPullRequest,2019-06-07T06:19:06-04:00
AuthorPullRequest,2019-06-07T09:25:57-04:00
EditorPullRequest,2019-06-07T09:26:09-04:00
Merged,2019-06-07T13:00:28-04:00
Merged,2019-06-08T07:12:36-04:00
AuthorPullRequest,2019-06-08T09:05:23-04:00
Merged,2019-06-10T18:47:27-04:00
AuthorPullRequest,2019-06-12T09:17:34-04:00
AuthorPullRequest,2019-06-13T16:29:50-04:00
Merged,2019-06-14T11:20:52-04:00
AuthorPullRequest,2019-06-15T15:43:48-04:00
Merged,2019-06-16T07:28:38-04:00
Merged,2019-06-16T09:02:59-04:00
Merged,2019-06-16T09:14:43-04:00
Merged,2019-06-18T10:20:42-04:00
Merged,2019-06-18T17:45:05-04:00
Merged,2019-06-19T11:20:59-04:00
AuthorPullRequest,2019-06-19T14:30:50-04:00
Merged,2019-06-19T16:50:13-04:00
AuthorPullRequest,2019-06-19T19:22:44-04:00
Merged,2019-06-20T09:27:21-04:00
Merged,2019-06-20T10:59:03-04:00
AuthorPullRequest,2019-06-20T11:44:34-04:00
Merged,2019-06-20T12:10:55-04:00
AuthorPullRequest,2019-06-21T09:36:17-04:00
Merged,2019-06-22T10:08:34-04:00
Merged,2019-06-22T16:37:49-04:00
EditorPullRequest,2019-06-23T08:43:19-04:00
AuthorPullRequest,2019-06-23T09:23:50-04:00
AuthorPullRequest,2019-06-23T18:18:56-04:00
AuthorPullRequest,2019-06-25T08:37:24-04:00
AuthorPullRequest,2019-06-25T09:15:01-04:00
AuthorPullRequest,2019-06-26T12:48:19-04:00
AuthorPullRequest,2019-06-26T14:58:30-04:00
AuthorPullRequest,2019-06-26T14:59:45-04:00
Merged,2019-06-27T09:16:39-04:00
Merged,2019-06-27T14:08:35-04:00
Merged,2019-06-28T02:44:51-04:00
AuthorPullRequest,2019-06-28T10:08:38-04:00
Merged,2019-06-29T06:04:27-04:00
Merged,2019-06-29T17:24:55-04:00
Merged,2019-06-30T06:52:53-04:00
AuthorPullRequest,2019-07-01T15:50:35-04:00
Merged,2019-07-02T06:49:41-04:00
AuthorPullRequest,2019-07-02T07:39:39-04:00
EditorPullRequest,2019-07-02T18:31:36-04:00
AuthorPullRequest,2019-07-03T10:18:07-04:00
AuthorPullRequest,2019-07-05T15:26:31-04:00
Merged,2019-07-06T05:48:29-04:00
AuthorPullRequest,2019-07-07T06:53:46-04:00
Merged,2019-07-08T14:32:28-04:00
Merged,2019-07-09T06:17:55-04:00
EditorPullRequest,2019-07-12T09:12:18-04:00
Merged,2019-07-14T06:41:39-04:00
Merged,2019-07-14T06:41:58-04:00
AuthorPullRequest,2019-07-14T07:01:41-04:00
EditorPullRequest,2019-07-14T07:02:57-04:00
AuthorPullRequest,2019-07-16T15:38:26-04:00
Merged,2019-07-18T05:03:37-04:00
AuthorPullRequest,2019-07-18T06:57:34-04:00
EditorIssue,2019-07-18T09:55:29-04:00
AuthorPullRequest,2019-07-20T06:59:41-04:00
EditorPullRequest,2019-07-20T07:05:08-04:00
AuthorPullRequest,2019-07-20T09:42:25-04:00
Merged,2019-07-21T05:11:44-04:00
AuthorPullRequest,2019-07-21T12:05:27-04:00
Merged,2019-07-22T11:27:20-04:00
AuthorPullRequest,2019-07-23T06:10:05-04:00
EditorPullRequest,2019-07-24T05:51:18-04:00
AuthorPullRequest,2019-07-24T06:40:05-04:00
Merged,2019-07-25T04:36:16-04:00
Merged,2019-07-25T04:42:10-04:00
Merged,2019-07-27T09:22:01-04:00
AuthorPullRequest,2019-07-28T08:05:12-04:00
Merged,2019-07-29T08:13:10-04:00
Merged,2019-07-29T11:25:24-04:00
EditorIssue,2019-07-31T17:10:42-04:00
AuthorPullRequest,2019-08-01T08:10:51-04:00
EditorPullRequest,2019-08-01T17:07:22-04:00
Merged,2019-08-05T06:39:12-04:00
Merged,2019-08-06T08:36:43-04:00
AuthorIssue,2019-08-06T08:51:20-04:00
Merged,2019-08-07T06:33:38-04:00
AuthorPullRequest,2019-08-08T08:18:13-04:00
AuthorPullRequest,2019-08-08T08:20:29-04:00
Merged,2019-08-08T08:24:39-04:00
Merged,2019-08-09T12:09:14-04:00
Merged,2019-08-10T07:57:29-04:00
AuthorPullRequest,2019-08-11T13:02:57-04:00
AuthorPullRequest,2019-08-12T17:13:43-04:00
Merged,2019-08-14T10:53:22-04:00
Merged,2019-08-15T01:55:20-04:00
Merged,2019-08-15T01:57:34-04:00
Merged,2019-08-16T01:51:24-04:00
Merged,2019-08-22T09:04:06-04:00
EditorPullRequest,2019-09-21T14:40:08-04:00
Merged,2019-09-23T13:32:19-04:00
AuthorPullRequest,2019-09-24T11:53:32-04:00
Merged,2019-09-25T15:46:23-04:00
AuthorPullRequest,2019-09-27T10:36:39-04:00
EditorPullRequest,2019-09-27T10:36:43-04:00
Merged,2019-09-27T12:07:19-04:00
EditorPullRequest,2019-09-30T17:05:35-04:00
AuthorPullRequest,2019-10-01T06:15:11-04:00
Merged,2019-10-01T06:17:36-04:00
Merged,2019-10-01T08:54:56-04:00
AuthorPullRequest,2019-10-01T17:22:41-04:00
EditorPullRequest,2019-10-09T04:18:51-04:00
Merged,2019-10-09T05:14:20-04:00
Merged,2019-10-12T05:08:36-04:00
EditorPullRequest,2019-10-13T08:01:14-04:00
Merged,2019-10-23T15:43:33-04:00
AuthorPullRequest,2019-10-25T18:29:11-04:00
Merged,2019-10-26T06:01:28-04:00
Merged,2019-10-29T06:01:35-04:00
Merged,2019-10-29T06:02:14-04:00
AuthorPullRequest,2019-11-01T13:03:01-04:00
AuthorPullRequest,2019-11-02T10:38:31-04:00
AuthorPullRequest,2019-11-02T11:13:30-04:00
AuthorPullRequest,2019-11-02T11:24:34-04:00
Merged,2019-11-03T09:37:25-04:00
Merged,2019-11-03T10:47:01-04:00
Merged,2019-11-09T09:18:27-04:00
Merged,2019-11-09T10:16:19-04:00
Merged,2019-11-10T13:32:27-04:00
Merged,2019-11-13T11:41:40-04:00
Merged,2019-11-13T11:48:51-04:00
Merged,2019-11-17T01:06:18-04:00
AuthorPullRequest,2019-11-18T03:46:07-04:00
AuthorPullRequest,2019-11-19T09:56:03-04:00
EditorPullRequest,2019-11-24T02:17:36-04:00
AuthorPullRequest,2019-11-24T03:00:50-04:00
Merged,2019-11-24T08:15:14-04:00
Merged,2019-11-26T02:33:08-04:00
Merged,2019-11-29T08:19:04-04:00
Merged,2019-11-30T08:35:31-04:00
Merged,2019-12-02T04:35:18-04:00
Merged,2019-12-03T04:37:52-04:00
Merged,2019-12-04T06:37:08-04:00
Merged,2019-12-04T06:38:10-04:00
Merged,2019-12-04T06:38:38-04:00
AuthorPullRequest,2019-12-04T06:39:37-04:00
AuthorPullRequest,2019-12-06T13:16:32-04:00
EditorIssue,2019-12-06T13:19:36-04:00
Merged,2019-12-06T13:22:21-04:00
AuthorPullRequest,2019-12-06T18:57:23-04:00
Merged,2019-12-07T07:45:24-04:00
Merged,2019-12-07T07:45:58-04:00
AuthorPullRequest,2019-12-07T08:00:06-04:00
Merged,2019-12-08T08:29:18-04:00
EditorIssue,2019-12-09T02:22:32-04:00
AuthorPullRequest,2019-12-12T14:53:05-04:00
Merged,2019-12-12T14:53:31-04:00
AuthorPullRequest,2019-12-13T16:41:26-04:00
Merged,2019-12-14T11:29:30-04:00
AuthorPullRequest,2019-12-14T12:48:56-04:00
AuthorPullRequest,2019-12-14T23:54:13-04:00
Merged,2019-12-15T09:04:57-04:00
AuthorPullRequest,2019-12-15T11:05:55-04:00
Merged,2019-12-15T12:46:05-04:00
EditorIssue,2019-12-15T16:22:09-04:00
Merged,2019-12-16T02:50:55-04:00
Merged,2019-12-16T15:01:39-04:00
AuthorPullRequest,2019-12-16T15:03:42-04:00
EditorIssue,2019-12-17T10:37:36-04:00
AuthorPullRequest,2019-12-17T11:15:01-04:00
EditorPullRequest,2019-12-18T12:11:54-04:00
AuthorPullRequest,2019-12-21T09:36:48-04:00
AuthorPullRequest,2019-12-22T15:45:18-04:00
EditorPullRequest,2019-12-22T15:45:42-04:00
Merged,2019-12-22T23:40:47-04:00
Merged,2019-12-23T01:51:02-04:00
AuthorPullRequest,2019-12-23T06:21:31-04:00
Merged,2019-12-25T04:02:47-04:00
AuthorPullRequest,2019-12-25T23:41:33-04:00
Merged,2019-12-26T01:26:23-04:00
AuthorPullRequest,2019-12-26T03:07:18-04:00
Merged,2019-12-26T04:45:51-04:00
AuthorPullRequest,2019-12-26T06:25:25-04:00
Merged,2019-12-27T02:54:50-04:00
Merged,2019-12-28T02:51:51-04:00
AuthorPullRequest,2019-12-29T04:41:12-04:00
Merged,2019-12-31T10:09:17-04:00
AuthorPullRequest,2019-12-31T11:44:21-04:00
Merged,2020-01-01T05:17:21-04:00
Merged,2020-01-01T13:01:36-04:00
EditorPullRequest,2020-01-07T10:10:21-04:00
AuthorPullRequest,2020-01-07T10:32:42-04:00
AuthorPullRequest,2020-01-10T10:15:50-04:00
Merged,2020-01-11T11:22:50-04:00
EditorIssue,2020-01-12T13:04:17-04:00
AuthorPullRequest,2020-01-13T11:31:15-04:00
Merged,2020-01-14T05:25:11-04:00
Merged,2020-01-15T14:49:29-04:00
Merged,2020-01-16T04:00:13-04:00
AuthorPullRequest,2020-01-16T04:03:36-04:00
AuthorPullRequest,2020-01-17T06:58:07-04:00
EditorPullRequest,2020-01-17T07:03:59-04:00
Merged,2020-01-17T08:20:53-04:00
AuthorPullRequest,2020-01-17T08:37:44-04:00
EditorIssue,2020-01-17T10:54:36-04:00
AuthorPullRequest,2020-01-18T02:07:33-04:00
AuthorPullRequest,2020-01-19T09:55:33-04:00
EditorPullRequest,2020-01-19T10:04:15-04:00
Merged,2020-01-24T09:18:06-04:00
Merged,2020-01-27T03:59:28-04:00
Merged,2020-01-27T10:57:20-04:00
AuthorPullRequest,2020-01-29T07:19:36-04:00
Merged,2020-02-01T07:57:59-04:00
EditorPullRequest,2020-02-03T20:19:58-04:00
Merged,2020-02-07T08:36:36-04:00
Merged,2020-02-25T07:33:19-04:00
AuthorPullRequest,2020-02-25T13:07:38-04:00
AuthorPullRequest,2020-02-29T09:05:51-04:00
AuthorPullRequest,2020-03-01T14:44:29-04:00
Merged,2020-03-01T14:45:43-04:00
Merged,2020-03-01T14:46:03-04:00
EditorIssue,2020-03-01T17:19:08-04:00
Merged,2020-03-02T08:40:34-04:00
AuthorPullRequest,2020-03-02T18:56:54-04:00
Merged,2020-03-07T11:16:35-04:00
AuthorPullRequest,2020-03-09T07:13:26-04:00
EditorPullRequest,2020-03-09T08:01:49-04:00
AuthorPullRequest,2020-03-09T13:23:01-04:00
EditorPullRequest,2020-03-09T13:26:34-04:00
Merged,2020-03-10T08:09:21-04:00
AuthorPullRequest,2020-03-10T08:11:55-04:00
AuthorPullRequest,2020-03-10T10:28:51-04:00
Merged,2020-03-12T04:32:06-04:00
AuthorPullRequest,2020-03-12T14:09:17-04:00
AuthorPullRequest,2020-03-12T16:01:24-04:00
AuthorPullRequest,2020-03-12T16:01:45-04:00
AuthorPullRequest,2020-03-12T18:14:02-04:00
Merged,2020-03-13T07:09:29-04:00
AuthorPullRequest,2020-03-14T08:52:37-04:00
Merged,2020-03-14T11:16:51-04:00
Merged,2020-03-15T11:19:37-04:00
Merged,2020-03-16T08:40:19-04:00
Merged,2020-03-17T17:10:02-04:00
Merged,2020-03-18T03:18:11-04:00
Merged,2020-03-18T08:34:28-04:00
Merged,2020-03-19T15:47:32-04:00
EditorPullRequest,2020-03-20T08:36:24-04:00
AuthorPullRequest,2020-03-23T07:59:20-04:00
EditorPullRequest,2020-03-23T08:19:12-04:00
Merged,2020-03-23T17:32:46-04:00
Merged,2020-03-24T06:27:52-04:00
AuthorPullRequest,2020-03-24T08:44:14-04:00
Merged,2020-03-25T05:17:33-04:00
EditorIssue,2020-03-25T21:03:35-04:00
EditorPullRequest,2020-03-27T10:37:45-04:00
AuthorPullRequest,2020-03-28T14:28:30-04:00
Merged,2020-03-29T09:09:24-04:00
AuthorPullRequest,2020-04-02T13:26:59-04:00
EditorPullRequest,2020-04-02T13:33:17-04:00
AuthorPullRequest,2020-04-03T16:11:06-04:00
Merged,2020-04-04T09:28:02-04:00
Merged,2020-04-04T12:36:36-04:00
AuthorPullRequest,2020-04-04T13:42:48-04:00
EditorPullRequest,2020-04-04T13:42:55-04:00
Merged,2020-04-05T11:22:05-04:00
Merged,2020-04-06T08:30:30-04:00
EditorIssue,2020-04-06T15:02:31-04:00
Merged,2020-04-06T19:16:51-04:00
Merged,2020-04-07T08:12:13-04:00
EditorPullRequest,2020-04-07T08:39:22-04:00
Merged,2020-04-09T13:49:24-04:00
EditorIssue,2020-04-10T09:58:07-04:00
Merged,2020-04-10T13:28:54-04:00
EditorIssue,2020-04-11T11:02:22-04:00
Merged,2020-04-11T19:07:50-04:00
EditorIssue,2020-04-18T08:13:53-04:00
Merged,2020-04-18T08:36:06-04:00
AuthorIssue,2020-04-18T10:09:50-04:00
EditorIssue,2020-04-20T05:20:11-04:00
EditorIssue,2020-04-20T08:51:01-04:00
AuthorPullRequest,2020-04-21T15:00:42-04:00
EditorPullRequest,2020-04-24T05:51:41-04:00
AuthorPullRequest,2020-04-24T06:25:50-04:00
Merged,2020-04-25T14:50:52-04:00
AuthorPullRequest,2020-04-26T15:00:39-04:00
Merged,2020-04-27T08:53:10-04:00
AuthorPullRequest,2020-04-27T14:32:12-04:00
Merged,2020-04-28T08:33:18-04:00
EditorPullRequest,2020-04-30T06:19:06-04:00
AuthorPullRequest,2020-05-01T08:02:30-04:00
AuthorPullRequest,2020-05-01T09:25:37-04:00
AuthorPullRequest,2020-05-01T10:50:04-04:00
Merged,2020-05-01T12:10:32-04:00
Merged,2020-05-02T07:53:06-04:00
Merged,2020-05-02T10:03:19-04:00
Merged,2020-05-02T10:04:48-04:00
AuthorPullRequest,2020-05-02T12:05:26-04:00
AuthorPullRequest,2020-05-03T15:51:43-04:00
EditorPullRequest,2020-05-04T08:34:15-04:00
AuthorPullRequest,2020-05-04T15:26:10-04:00
EditorPullRequest,2020-05-04T15:47:31-04:00
Merged,2020-05-05T04:40:25-04:00
AuthorPullRequest,2020-05-05T09:33:11-04:00
Merged,2020-05-06T02:17:08-04:00
AuthorPullRequest,2020-05-06T18:09:52-04:00
Merged,2020-05-08T11:49:42-04:00
AuthorPullRequest,2020-05-09T08:37:30-04:00
EditorPullRequest,2020-05-09T08:49:26-04:00
AuthorPullRequest,2020-05-10T12:14:04-04:00
Merged,2020-05-10T15:20:59-04:00
AuthorPullRequest,2020-05-11T05:01:24-04:00
Merged,2020-05-11T15:29:06-04:00
AuthorPullRequest,2020-05-12T06:19:04-04:00
Merged,2020-05-12T11:12:54-04:00
AuthorPullRequest,2020-05-12T12:16:06-04:00
EditorPullRequest,2020-05-12T12:16:26-04:00
Merged,2020-05-13T14:19:59-04:00
Merged,2020-05-15T14:38:00-04:00
Merged,2020-05-16T09:22:50-04:00
AuthorPullRequest,2020-05-19T14:21:05-04:00
EditorPullRequest,2020-05-19T19:56:11-04:00
Merged,2020-05-20T08:38:31-04:00
Merged,2020-05-24T08:13:24-04:00
EditorPullRequest,2020-05-26T05:09:17-04:00
Merged,2020-05-30T20:40:25-04:00
AuthorPullRequest,2020-05-31T07:39:52-04:00
EditorPullRequest,2020-06-02T13:34:15-04:00
AuthorPullRequest,2020-06-04T09:59:22-04:00
AuthorPullRequest,2020-06-04T09:59:39-04:00
Merged,2020-06-05T03:51:04-04:00
Merged,2020-06-06T08:34:03-04:00
EditorPullRequest,2020-06-06T10:44:02-04:00
Merged,2020-06-06T13:46:23-04:00
Merged,2020-06-07T15:27:47-04:00
AuthorPullRequest,2020-06-08T21:01:41-04:00
Merged,2020-06-10T03:04:58-04:00
Merged,2020-06-12T09:33:19-04:00
Merged,2020-06-13T13:42:55-04:00
EditorIssue,2020-06-13T14:46:13-04:00
Merged,2020-06-14T08:51:45-04:00
AuthorPullRequest,2020-06-14T08:56:34-04:00
AuthorPullRequest,2020-06-19T07:28:24-04:00
AuthorPullRequest,2020-06-19T16:49:03-04:00
AuthorPullRequest,2020-06-22T14:17:12-04:00
Merged,2020-06-26T06:54:49-04:00
AuthorPullRequest,2020-06-26T12:35:23-04:00
Merged,2020-06-27T15:26:36-04:00
Merged,2020-06-27T15:26:57-04:00
Merged,2020-06-29T07:30:39-04:00
Merged,2020-06-30T12:52:10-04:00
Merged,2020-07-02T08:46:57-04:00
AuthorPullRequest,2020-07-04T10:06:14-04:00
AuthorPullRequest,2020-07-04T10:11:02-04:00
EditorPullRequest,2020-07-05T09:14:37-04:00
Merged,2020-07-05T09:56:08-04:00
EditorPullRequest,2020-07-05T14:11:39-04:00
Merged,2020-07-05T14:15:34-04:00
AuthorIssue,2020-07-06T07:48:14-04:00
AuthorPullRequest,2020-07-07T08:05:35-04:00
Merged,2020-07-07T08:13:59-04:00
AuthorPullRequest,2020-07-07T16:04:37-04:00
Merged,2020-07-08T14:21:41-04:00
Merged,2020-07-11T14:51:43-04:00
AuthorPullRequest,2020-07-12T13:51:57-04:00
AuthorPullRequest,2020-07-12T14:33:53-04:00
Merged,2020-07-13T04:43:59-04:00
EditorPullRequest,2020-07-14T06:50:59-04:00
AuthorPullRequest,2020-07-20T20:28:41-04:00
Merged,2020-07-21T07:01:33-04:00
EditorPullRequest,2020-07-22T08:42:49-04:00
AuthorPullRequest,2020-07-22T09:07:22-04:00
AuthorPullRequest,2020-07-27T08:36:01-04:00
Merged,2020-07-28T08:58:04-04:00
AuthorPullRequest,2020-07-28T09:01:03-04:00
AuthorPullRequest,2020-07-28T19:39:01-04:00
EditorPullRequest,2020-07-29T09:23:46-04:00
Merged,2020-07-29T15:08:54-04:00
AuthorPullRequest,2020-07-30T16:48:21-04:00
Merged,2020-08-02T12:05:42-04:00
AuthorPullRequest,2020-08-02T18:40:47-04:00
EditorPullRequest,2020-08-03T13:09:43-04:00
Merged,2020-08-04T23:31:29-04:00
Merged,2020-08-05T08:14:36-04:00
AuthorPullRequest,2020-08-05T09:25:55-04:00
Merged,2020-08-05T14:07:55-04:00
EditorPullRequest,2020-08-05T15:52:35-04:00
AuthorPullRequest,2020-08-07T06:21:22-04:00
EditorPullRequest,2020-08-07T06:22:15-04:00
Merged,2020-08-07T16:01:30-04:00
Merged,2020-08-08T12:25:31-04:00
EditorPullRequest,2020-08-14T02:06:38-04:00
AuthorPullRequest,2020-08-16T16:40:32-04:00
EditorPullRequest,2020-08-16T16:44:13-04:00
Merged,2020-08-16T16:45:49-04:00
Merged,2020-08-18T01:51:41-04:00
Merged,2020-08-18T01:52:03-04:00
Merged,2020-08-18T01:57:40-04:00
Merged,2020-08-22T03:00:37-04:00
Merged,2020-08-22T07:29:10-04:00
AuthorPullRequest,2020-08-22T21:46:26-04:00
Merged,2020-08-23T02:25:58-04:00
Merged,2020-08-24T03:37:46-04:00
Merged,2020-08-30T07:34:55-04:00
AuthorPullRequest,2020-09-03T05:30:27-04:00
Merged,2020-09-04T04:40:00-04:00
Merged,2020-09-04T04:42:59-04:00
Merged,2020-09-05T06:34:58-04:00
Merged,2020-09-05T15:25:54-04:00
Merged,2020-09-09T06:37:22-04:00
Merged,2020-09-27T16:27:37-04:00
Merged,2020-09-28T12:31:43-04:00
AuthorPullRequest,2020-09-30T02:39:38-04:00
EditorIssue,2020-09-30T14:49:29-04:00
AuthorPullRequest,2020-10-01T13:11:41-04:00
AuthorPullRequest,2020-10-01T20:56:11-04:00
Merged,2020-10-03T10:45:59-04:00
Merged,2020-10-04T15:31:59-04:00
EditorIssue,2020-10-07T11:27:36-04:00
AuthorPullRequest,2020-10-07T12:25:00-04:00
EditorIssue,2020-10-14T14:23:02-04:00
AuthorPullRequest,2020-10-16T05:07:56-04:00
EditorIssue,2020-10-19T03:40:04-04:00
AuthorPullRequest,2020-10-21T03:09:01-04:00
Merged,2020-10-23T04:19:52-04:00
Merged,2020-10-23T04:21:39-04:00
Merged,2020-10-24T04:44:19-04:00
EditorIssue,2020-10-28T09:57:10-04:00
AuthorPullRequest,2020-10-29T06:45:06-04:00
Merged,2020-10-29T12:50:42-04:00
Merged,2020-10-29T14:12:26-04:00
EditorPullRequest,2020-11-03T15:31:08-04:00
Merged,2020-11-05T19:18:30-04:00
Merged,2020-11-12T14:29:22-04:00
Merged,2020-11-14T13:09:44-04:00
Merged,2020-11-15T09:17:37-04:00
Merged,2020-11-18T14:27:09-04:00
AuthorPullRequest,2020-11-19T13:37:33-04:00
Merged,2020-11-20T20:16:47-04:00
Merged,2020-11-21T14:05:06-04:00
Merged,2020-11-23T12:55:17-04:00
AuthorPullRequest,2020-11-24T16:17:04-04:00
AuthorIssue,2020-11-27T22:39:59-04:00
AuthorPullRequest,2020-11-29T14:23:51-04:00
AuthorPullRequest,2020-12-08T16:59:01-04:00
AuthorIssue,2020-12-15T15:18:29-04:00
Merged,2020-12-19T05:38:29-04:00
EditorPullRequest,2020-12-19T05:58:48-04:00
Merged,2020-12-19T11:22:31-04:00
AuthorPullRequest,2020-12-19T15:57:53-04:00
Merged,2020-12-26T15:02:54-04:00
EditorPullRequest,2020-12-28T12:47:33-04:00
Merged,2020-12-30T22:57:45-04:00
Merged,2020-12-30T23:02:42-04:00
AuthorIssue,2020-12-30T23:16:23-04:00
Merged,2021-01-08T04:40:01-04:00
Merged,2021-01-09T06:35:14-04:00
AuthorPullRequest,2021-01-23T08:47:09-04:00
AuthorPullRequest,2021-01-27T12:32:11-04:00
Merged,2021-02-09T13:22:55-04:00
AuthorPullRequest,2021-02-09T13:26:12-04:00
AuthorPullRequest,2021-02-20T11:12:41-04:00
Merged,2021-02-23T11:25:19-04:00
Merged,2021-02-26T11:39:35-04:00
Merged,2021-02-26T11:41:01-04:00
Merged,2021-02-26T11:42:54-04:00
AuthorPullRequest,2021-03-02T10:26:34-04:00
Merged,2021-03-03T11:29:36-04:00
Merged,2021-03-03T19:38:48-04:00
Merged,2021-03-04T08:53:11-04:00
Merged,2021-03-04T08:53:38-04:00
Merged,2021-03-05T09:42:50-04:00
Merged,2021-03-05T10:11:41-04:00
Merged,2021-03-05T10:16:58-04:00
EditorIssue,2021-03-05T17:44:04-04:00
Merged,2021-03-06T12:50:29-04:00
Merged,2021-03-07T09:56:44-04:00
Merged,2021-03-07T09:58:16-04:00
Merged,2021-03-07T10:05:45-04:00
Merged,2021-03-07T10:17:56-04:00
Merged,2021-03-07T11:09:25-04:00
AuthorPullRequest,2021-03-07T20:00:45-04:00
EditorPullRequest,2021-03-07T20:00:56-04:00
Merged,2021-03-07T20:26:51-04:00
AuthorPullRequest,2021-03-08T09:05:16-04:00
Merged,2021-03-08T09:10:10-04:00
AuthorPullRequest,2021-03-08T10:28:45-04:00
Merged,2021-03-08T19:59:16-04:00
Merged,2021-03-09T11:06:34-04:00
AuthorPullRequest,2021-03-09T11:19:29-04:00
EditorPullRequest,2021-03-09T12:35:14-04:00
EditorIssue,2021-03-09T19:27:41-04:00
Merged,2021-03-11T06:08:44-04:00
EditorIssue,2021-03-12T16:11:37-04:00
AuthorPullRequest,2021-03-16T07:35:28-04:00
Merged,2021-03-18T13:41:39-04:00
Merged,2021-03-20T07:36:02-04:00
AuthorPullRequest,2021-03-20T15:31:33-04:00
EditorPullRequest,2021-03-20T15:45:01-04:00
Merged,2021-03-20T20:01:58-04:00
AuthorPullRequest,2021-03-21T09:08:46-04:00
Merged,2021-03-21T15:55:05-04:00
Merged,2021-03-22T07:42:55-04:00
Merged,2021-03-22T17:43:12-04:00
AuthorPullRequest,2021-03-25T07:10:40-04:00
AuthorPullRequest,2021-03-25T18:13:34-04:00
EditorPullRequest,2021-03-26T11:44:52-04:00
Merged,2021-03-26T14:42:41-04:00
Merged,2021-03-27T13:56:44-04:00
Merged,2021-03-28T08:34:38-04:00
AuthorPullRequest,2021-03-28T08:38:00-04:00
Merged,2021-04-02T04:22:09-04:00
AuthorPullRequest,2021-04-02T08:38:21-04:00
AuthorPullRequest,2021-04-03T06:44:18-04:00
EditorPullRequest,2021-04-04T11:26:19-04:00
Merged,2021-04-06T08:14:31-04:00
EditorPullRequest,2021-04-07T08:05:11-04:00
AuthorPullRequest,2021-04-08T08:41:22-04:00
Merged,2021-04-12T06:46:14-04:00
EditorPullRequest,2021-04-12T16:43:31-04:00
AuthorPullRequest,2021-04-16T11:44:00-04:00
EditorPullRequest,2021-04-16T11:54:49-04:00
Merged,2021-04-16T14:28:23-04:00
Merged,2021-04-17T09:50:51-04:00
Merged,2021-04-17T16:15:45-04:00
Merged,2021-04-23T04:41:58-04:00
AuthorPullRequest,2021-04-29T03:31:00-04:00
EditorPullRequest,2021-05-12T08:40:16-04:00
Merged,2021-05-17T05:30:59-04:00
Merged,2021-05-19T15:50:49-04:00
AuthorIssue,2021-05-22T06:14:16-04:00
AuthorIssue,2021-05-25T02:11:47-04:00
AuthorPullRequest,2021-05-25T03:40:12-04:00
Merged,2021-05-26T12:20:39-04:00
Merged,2021-05-26T12:21:05-04:00
Merged,2021-05-29T09:26:27-04:00
AuthorPullRequest,2021-06-01T09:57:20-04:00
Merged,2021-06-02T12:19:54-04:00
EditorPullRequest,2021-06-03T12:08:44-04:00
Merged,2021-06-04T03:48:49-04:00
AuthorPullRequest,2021-06-04T04:32:29-04:00
Merged,2021-06-04T04:46:53-04:00
Merged,2021-06-04T04:57:11-04:00
AuthorPullRequest,2021-06-04T04:57:52-04:00
Merged,2021-06-04T05:03:59-04:00
Merged,2021-06-04T11:52:40-04:00
Merged,2021-06-06T16:32:24-04:00
Merged,2021-06-07T07:06:34-04:00
Merged,2021-06-08T09:12:34-04:00
AuthorPullRequest,2021-06-08T12:37:03-04:00
Merged,2021-06-09T09:40:45-04:00
Merged,2021-06-09T11:36:39-04:00
AuthorPullRequest,2021-06-09T12:31:20-04:00
Merged,2021-06-11T06:20:28-04:00
Merged,2021-06-15T06:55:43-04:00
AuthorPullRequest,2021-06-16T05:33:03-04:00
Merged,2021-06-16T09:24:36-04:00
AuthorPullRequest,2021-06-18T03:36:55-04:00
EditorPullRequest,2021-06-18T03:41:02-04:00
Merged,2021-06-19T13:39:58-04:00
Merged,2021-06-23T07:18:33-04:00
Merged,2021-06-27T15:15:19-04:00
Merged,2021-06-27T17:04:27-04:00
EditorPullRequest,2021-06-28T17:32:01-04:00
Merged,2021-06-29T09:55:31-04:00
Merged,2021-06-29T13:19:22-04:00
EditorIssue,2021-06-30T13:57:15-04:00
Merged,2021-07-01T04:16:34-04:00
Merged,2021-07-02T09:34:20-04:00
Merged,2021-07-04T07:55:48-04:00
Merged,2021-07-04T08:29:43-04:00
EditorPullRequest,2021-07-04T08:49:13-04:00
EditorIssue,2021-07-05T17:58:25-04:00
Merged,2021-07-07T06:39:06-04:00
Merged,2021-07-08T03:30:26-04:00
Merged,2021-07-17T06:49:18-04:00
Merged,2021-07-17T06:50:35-04:00
Merged,2021-07-17T06:51:05-04:00
Merged,2021-07-17T06:51:22-04:00
AuthorPullRequest,2021-07-17T06:51:37-04:00
EditorPullRequest,2021-07-17T06:53:22-04:00
Merged,2021-07-19T06:39:12-04:00
AuthorPullRequest,2021-07-27T09:01:48-04:00
Merged,2021-07-27T09:44:40-04:00
Merged,2021-08-01T07:25:49-04:00
AuthorPullRequest,2021-08-03T13:22:15-04:00
Merged,2021-08-04T09:46:31-04:00
Merged,2021-08-06T02:58:34-04:00
Merged,2021-08-07T07:31:02-04:00
Merged,2021-08-31T08:06:55-04:00
EditorPullRequest,2021-09-02T18:35:36-04:00
Merged,2021-09-02T18:36:05-04:00
AuthorPullRequest,2021-09-05T09:14:48-04:00
Merged,2021-09-07T15:31:39-04:00
EditorPullRequest,2021-10-03T09:11:01-04:00
Merged,2021-10-03T09:11:18-04:00
Merged,2021-10-08T08:23:55-04:00
Merged,2021-11-05T11:57:49-04:00
EditorIssue,2021-11-08T04:57:33-04:00
AuthorPullRequest,2021-11-27T20:58:39-04:00
EditorPullRequest,2021-11-28T08:53:43-04:00
AuthorPullRequest,2021-11-29T10:34:54-04:00
AuthorPullRequest,2021-11-29T12:19:05-04:00
AuthorPullRequest,2021-11-29T19:02:38-04:00
Reactions,2021-11-29T19:26:57-04:00
Merged,2021-11-29T19:30:22-04:00
AuthorIssue,2021-11-30T14:11:41-04:00
AuthorIssue,2021-11-30T19:44:51-04:00
AuthorPullRequest,2021-12-01T09:22:23-04:00
AuthorIssue,2021-12-02T05:25:13-04:00
EditorIssue,2021-12-02T05:41:47-04:00
Merged,2021-12-02T11:00:39-04:00
AuthorIssue,2021-12-02T19:52:28-04:00
AuthorPullRequest,2021-12-12T15:50:43-04:00
AuthorPullRequest,2021-12-12T19:03:21-04:00
Merged,2021-12-13T12:14:11-04:00
EditorPullRequest,2021-12-13T15:11:16-04:00
AuthorPullRequest,2021-12-14T12:40:26-04:00
EditorPullRequest,2021-12-14T12:41:44-04:00
AuthorPullRequest,2021-12-14T15:28:42-04:00
EditorPullRequest,2021-12-14T15:29:26-04:00
Merged,2021-12-14T16:38:08-04:00
AuthorPullRequest,2021-12-15T11:42:43-04:00
EditorPullRequest,2021-12-15T11:43:00-04:00
AuthorPullRequest,2021-12-24T11:27:58-04:00
Merged,2021-12-27T10:18:10-04:00
AuthorPullRequest,2022-01-01T10:40:01-04:00
Merged,2022-01-12T12:08:48-04:00
EditorPullRequest,2022-01-22T10:50:08-04:00
AuthorPullRequest,2022-01-30T13:31:48-04:00
Merged,2022-02-01T05:51:01-04:00
AuthorPullRequest,2022-02-05T09:19:29-04:00
AuthorPullRequest,2022-02-05T11:47:01-04:00
EditorPullRequest,2022-02-05T12:50:25-04:00
Merged,2022-02-11T08:49:40-04:00
Merged,2022-02-11T18:34:22-04:00
Merged,2022-02-19T17:59:46-04:00
Merged,2022-02-19T18:10:16-04:00
EditorIssue,2022-02-20T10:47:50-04:00
AuthorPullRequest,2022-02-20T16:37:05-04:00
Merged,2022-02-21T06:14:20-04:00
AuthorPullRequest,2022-02-23T07:28:37-04:00
EditorPullRequest,2022-02-23T07:28:57-04:00
AuthorPullRequest,2022-02-23T07:45:52-04:00
AuthorPullRequest,2022-02-23T14:57:52-04:00
EditorIssue,2022-02-23T18:53:39-04:00
AuthorPullRequest,2022-03-09T11:10:17-04:00
AuthorPullRequest,2022-03-22T15:39:35-04:00
Merged,2022-03-25T11:38:53-04:00
AuthorPullRequest,2022-03-25T13:33:16-04:00
Merged,2022-03-26T06:31:28-04:00
EditorPullRequest,2022-03-26T09:32:55-04:00
Merged,2022-03-26T14:45:30-04:00
AuthorPullRequest,2022-03-27T10:33:11-04:00
AuthorPullRequest,2022-04-03T07:12:53-04:00
AuthorPullRequest,2022-04-10T12:10:29-04:00
Merged,2022-04-12T12:58:39-04:00
AuthorPullRequest,2022-04-15T13:37:16-04:00
EditorPullRequest,2022-04-16T05:54:03-04:00
AuthorPullRequest,2022-04-18T14:39:33-04:00
Merged,2022-04-20T05:02:49-04:00
EditorPullRequest,2022-04-21T12:12:59-04:00
AuthorPullRequest,2022-04-22T15:08:35-04:00
AuthorIssue,2022-04-25T04:57:58-04:00
AuthorPullRequest,2022-04-26T17:06:37-04:00
AuthorPullRequest,2022-04-27T08:07:17-04:00
Merged,2022-04-29T05:45:02-04:00
AuthorPullRequest,2022-04-30T06:20:59-04:00
EditorPullRequest,2022-04-30T06:42:20-04:00
AuthorPullRequest,2022-04-30T14:40:53-04:00
Merged,2022-05-01T06:18:22-04:00
AuthorPullRequest,2022-05-01T15:40:27-04:00
Merged,2022-05-06T03:23:52-04:00
AuthorPullRequest,2022-05-06T03:40:31-04:00
Merged,2022-05-06T04:00:44-04:00
Merged,2022-05-08T08:26:23-04:00
Merged,2022-05-09T12:55:49-04:00
EditorPullRequest,2022-05-10T06:27:44-04:00
Merged,2022-05-10T13:57:53-04:00
Merged,2022-05-13T07:24:08-04:00
EditorPullRequest,2022-05-13T08:08:38-04:00
Merged,2022-05-18T16:09:35-04:00
Merged,2022-05-20T09:54:07-04:00
Merged,2022-05-20T12:56:08-04:00
AuthorPullRequest,2022-05-20T13:33:23-04:00
Merged,2022-05-21T09:20:48-04:00
EditorPullRequest,2022-05-23T13:29:41-04:00
EditorPullRequest,2022-05-24T09:25:56-04:00
Merged,2022-05-26T08:29:08-04:00
Merged,2022-06-02T11:36:48-04:00
Merged,2022-06-08T07:45:15-04:00
AuthorPullRequest,2022-06-17T05:29:49-04:00
Merged,2022-06-22T05:43:01-04:00
Merged,2022-06-25T07:42:18-04:00
AuthorPullRequest,2022-06-25T10:20:26-04:00
AuthorPullRequest,2022-06-25T10:30:52-04:00
AuthorPullRequest,2022-06-26T11:22:08-04:00
Merged,2022-06-28T06:43:52-04:00
AuthorPullRequest,2022-06-28T18:12:07-04:00
Merged,2022-06-29T06:37:28-04:00
EditorPullRequest,2022-07-04T08:14:29-04:00
Merged,2022-07-05T04:23:18-04:00
EditorPullRequest,2022-07-08T05:24:28-04:00
Merged,2022-07-10T08:17:35-04:00
AuthorPullRequest,2022-07-10T08:27:21-04:00
Merged,2022-07-16T05:16:54-04:00
Merged,2022-07-16T05:20:22-04:00
Merged,2022-07-17T10:24:37-04:00
Merged,2022-07-17T10:38:52-04:00
Merged,2022-07-17T10:52:19-04:00
Merged,2022-07-17T13:11:49-04:00
AuthorPullRequest,2022-07-17T13:34:47-04:00
AuthorPullRequest,2022-07-19T09:26:11-04:00
AuthorPullRequest,2022-07-22T08:56:40-04:00
AuthorPullRequest,2022-07-29T03:17:49-04:00
EditorPullRequest,2022-07-29T03:17:56-04:00
Merged,2022-07-31T08:01:39-04:00
Merged,2022-07-31T08:02:27-04:00
EditorPullRequest,2022-07-31T08:19:25-04:00
Merged,2022-08-01T06:57:29-04:00
AuthorPullRequest,2022-08-01T07:14:23-04:00
EditorPullRequest,2022-08-01T07:14:50-04:00
AuthorPullRequest,2022-08-01T08:56:17-04:00
AuthorPullRequest,2022-08-01T10:43:14-04:00
Merged,2022-08-01T13:05:31-04:00
Merged,2022-08-03T07:57:04-04:00
Merged,2022-08-03T07:58:16-04:00
AuthorPullRequest,2022-08-04T19:56:31-04:00
AuthorPullRequest,2022-08-10T07:28:17-04:00
Merged,2022-08-10T07:45:01-04:00
AuthorPullRequest,2022-08-10T10:39:30-04:00
EditorPullRequest,2022-08-10T16:37:28-04:00
Merged,2022-08-13T07:57:18-04:00
Merged,2022-08-15T12:26:57-04:00
EditorPullRequest,2022-08-16T08:44:03-04:00
Merged,2022-08-16T12:38:07-04:00
Merged,2022-08-17T07:10:46-04:00
AuthorPullRequest,2022-08-17T07:14:45-04:00
Merged,2022-08-22T07:00:20-04:00
AuthorPullRequest,2022-08-24T10:17:54-04:00
Merged,2022-08-27T15:38:16-04:00
Merged,2022-08-28T06:31:21-04:00
Merged,2022-08-28T06:33:27-04:00
EditorPullRequest,2022-08-28T13:37:43-04:00
AuthorPullRequest,2022-08-29T15:20:19-04:00
Merged,2022-08-30T15:01:30-04:00
AuthorPullRequest,2022-08-31T13:58:32-04:00
AuthorPullRequest,2022-08-31T15:34:28-04:00
AuthorPullRequest,2022-09-01T08:43:59-04:00
Merged,2022-09-02T08:29:45-04:00
AuthorPullRequest,2022-09-02T17:06:44-04:00
AuthorPullRequest,2022-09-03T09:37:32-04:00
Merged,2022-09-03T09:41:49-04:00
AuthorPullRequest,2022-09-05T08:23:32-04:00
AuthorPullRequest,2022-09-05T08:48:19-04:00
Merged,2022-09-09T14:54:51-04:00
Merged,2022-09-11T08:20:55-04:00
AuthorPullRequest,2022-09-13T08:47:23-04:00
EditorPullRequest,2022-09-13T09:13:37-04:00
Merged,2022-09-13T11:25:12-04:00
Merged,2022-09-13T11:43:43-04:00
AuthorPullRequest,2022-09-13T12:53:37-04:00
EditorPullRequest,2022-09-13T13:02:52-04:00
AuthorPullRequest,2022-09-18T13:50:21-04:00
EditorPullRequest,2022-09-18T14:49:37-04:00
Merged,2022-09-19T07:08:29-04:00
EditorPullRequest,2022-09-19T14:01:51-04:00
Merged,2022-09-20T07:25:09-04:00
AuthorPullRequest,2022-09-20T07:49:02-04:00
Merged,2022-09-20T10:57:33-04:00
AuthorPullRequest,2022-09-20T11:01:35-04:00
AuthorPullRequest,2022-09-20T11:56:32-04:00
EditorPullRequest,2022-09-20T12:34:38-04:00
Merged,2022-09-20T12:35:19-04:00
AuthorPullRequest,2022-09-21T08:52:38-04:00
AuthorPullRequest,2022-09-22T07:22:38-04:00
Merged,2022-09-22T08:24:37-04:00
Merged,2022-09-22T11:30:16-04:00
AuthorPullRequest,2022-09-25T11:10:43-04:00
EditorPullRequest,2022-09-25T11:10:47-04:00
Merged,2022-09-25T15:29:03-04:00
Merged,2022-09-27T11:50:55-04:00
AuthorPullRequest,2022-09-28T07:26:20-04:00
AuthorPullRequest,2022-09-28T08:12:26-04:00
Merged,2022-09-30T16:49:02-04:00
Merged,2022-10-04T14:19:56-04:00
AuthorPullRequest,2022-10-06T15:22:53-04:00
Merged,2022-10-06T15:23:16-04:00
Merged,2022-10-07T10:36:25-04:00
AuthorPullRequest,2022-10-09T13:51:24-04:00
AuthorPullRequest,2022-10-09T17:45:30-04:00
Merged,2022-10-10T07:35:02-04:00
Merged,2022-10-12T06:58:23-04:00
AuthorPullRequest,2022-10-13T09:25:13-04:00
Merged,2022-10-18T07:38:12-04:00
AuthorPullRequest,2022-10-18T08:10:41-04:00
AuthorPullRequest,2022-10-18T10:33:59-04:00
Merged,2022-10-18T16:57:42-04:00
Merged,2022-10-22T13:05:27-04:00
Merged,2022-10-22T13:07:43-04:00
Merged,2022-10-22T13:09:45-04:00
Merged,2022-10-22T13:15:50-04:00
EditorPullRequest,2022-10-22T15:28:48-04:00
Merged,2022-10-23T11:40:39-04:00
Merged,2022-10-23T11:42:28-04:00
Merged,2022-10-23T16:04:34-04:00
AuthorPullRequest,2022-10-25T06:35:55-04:00
AuthorPullRequest,2022-10-25T08:50:37-04:00
Merged,2022-10-28T04:18:26-04:00
Merged,2022-10-28T09:12:58-04:00
AuthorPullRequest,2022-10-28T15:26:16-04:00
EditorPullRequest,2022-10-29T08:56:09-04:00
Merged,2022-10-29T11:38:35-04:00
Merged,2022-10-30T07:36:50-04:00
Merged,2022-10-30T07:41:08-04:00
EditorIssue,2022-10-30T13:57:30-04:00
AuthorPullRequest,2022-11-01T05:56:58-04:00
AuthorPullRequest,2022-11-01T08:58:59-04:00
EditorPullRequest,2022-11-01T09:02:08-04:00
Merged,2022-11-02T05:16:15-04:00
Merged,2022-11-02T05:17:15-04:00
Merged,2022-11-02T11:37:23-04:00
AuthorPullRequest,2022-11-02T12:57:20-04:00
Merged,2022-11-03T04:20:03-04:00
Merged,2022-11-08T14:51:56-04:00
AuthorPullRequest,2022-11-10T10:41:02-04:00
AuthorPullRequest,2022-11-13T10:51:45-04:00
Merged,2022-11-13T10:54:31-04:00
Merged,2022-11-13T10:54:53-04:00
Watcher,True
AssigneeIssues,True
ParticipantIssue,True
AssigneePullRequest,True
ParticipantPullRequest,True
SuggestedReviewer,True
